Region,Cantidad de oportunidades,Casos ganados,Porcentaje casos ganados
APAC,2086,1155.0,0.5536912751677853
Americas,2459,1094.0,0.44489629930866204
EMEA,3241,1500.0,0.46282011724776306
Japan,1906,1290.0,0.6768100734522561
Middle East,149,33.0,0.2214765100671141
