,Region,Porcentaje_Exito,Porcentage_Aprobacion
0,APAC,82.57839721254355,70.3862660944206
1,Americas,60.75906472382243,74.80354879594422
2,EMEA,69.41011235955055,76.32933104631218
3,Japan,70.67205444491705,96.11610793131644
4,Middle East,27.173913043478258,100.0
