,Brand,Rango_Entrega
21,Brand_6,91.0
7,Brand_17,76.2
11,Brand_21,66.76470588235294
14,Brand_24,52.44736842105263
17,Brand_27,45.4
4,Brand_12,17.5
1,Brand_1,11.75
10,Brand_20,11.3
0,Brand_0,8.0
9,Brand_2,5.333333333333333
