,Brand,Rango_Entrega
21,Brand_6,91.0
7,Brand_17,76.2
11,Brand_21,66.76470588235294
14,Brand_24,52.44736842105263
17,Brand_27,45.4
6,Brand_16,44.5
19,Brand_4,39.75
2,Brand_10,39.54545454545455
3,Brand_11,37.05882352941177
23,Brand_9,36.892857142857146
