,Region,Porcentaje_requerimiento_aprovacion
0,APAC,70.3862660944206
1,Americas,74.80354879594422
2,EMEA,76.32933104631218
3,Japan,96.11610793131644
4,Middle East,100.0
