Opportunity_Owner,Rango_Entrega,Stage_Won
Person_Name_50,1.0124338624338625,65.82914572864321
Person_Name_55,4.362637362637362,59.34065934065934
Person_Name_64,4.573099415204679,63.95348837209303
Person_Name_42,5.105263157894737,57.89473684210527
Person_Name_54,5.502923976608187,53.80116959064327
Person_Name_51,659.2660550458716,33.33333333333333
Person_Name_12,90.30434782608695,30.434782608695656
Person_Name_34,85.0,28.57142857142857
Person_Name_58,74.5,0.0
Person_Name_10,55.5,0.0
