Region,Rango_Entrega
APAC,28.89163322012967
Americas,27.281138790035588
EMEA,34.604876996115664
Japan,3.6255885363357216
Middle East,46.47222222222222
