,Opportunity_Owner,Valor_Unidad_TRF_USD
0,Person_Name_40,inf
1,Person_Name_42,1415775.1249310418
2,Person_Name_50,1213400.936241537
3,Person_Name_19,1018526.0297108279
4,Person_Name_18,669155.8627580415
0,Person_Name_56,130298.24087899915
1,Person_Name_29,132756.04954158785
2,Person_Name_30,212906.2745320985
3,Person_Name_0,325530.565
4,Person_Name_62,334755.5138881695
