,Region,Stage_Lost,Stage_Won,Other
,,mean,mean,
0,APAC,0.4429530201342282,0.5536912751677853,0.003355704697986517
1,Americas,0.5522570150467669,0.44489629930866204,0.002846685644571023
2,EMEA,0.5359456957729096,0.46282011724776306,0.001234186979327312
3,Japan,0.31217208814270725,0.6768100734522561,0.011017838405036673
4,Middle East,0.7046979865771812,0.2214765100671141,0.0738255033557047
