,Region,Stage_Lost,Stage_Won
,,mean,mean
0,APAC,0.4429530201342282,0.5536912751677853
1,Americas,0.5522570150467669,0.44489629930866204
2,EMEA,0.5359456957729096,0.46282011724776306
3,Japan,0.31217208814270725,0.6768100734522561
4,Middle East,0.7046979865771812,0.2214765100671141
