,Stage_Lost,Stage_Lost,Stage_Lost
,count,sum,mean
Region,,,
APAC,2086,924.0,0.4429530201342282
Americas,2459,1358.0,0.5522570150467669
EMEA,3241,1737.0,0.5359456957729096
Japan,1906,595.0,0.31217208814270725
Middle East,149,105.0,0.7046979865771812
