Opportunity_Owner,Valor_Unidad_TRF_USD
Person_Name_40,inf
Person_Name_42,1415775.1249310418
Person_Name_50,1213400.936241537
Person_Name_19,1018526.0297108279
Person_Name_18,669155.8627580415
Person_Name_12,638988.3004237289
Person_Name_11,598173.4261437908
Person_Name_35,580580.0
Person_Name_51,566574.72249019
Person_Name_36,522344.794083679
