Opportunity_Owner,Valor_Unidad_TRF_USD
Person_Name_56,130298.24087899915
Person_Name_29,132756.04954158785
Person_Name_30,212906.2745320985
Person_Name_0,325530.565
Person_Name_62,334755.5138881695
Person_Name_14,344708.16043925105
Person_Name_43,344829.4226976463
Person_Name_61,347624.89367001085
Person_Name_5,355884.22484455956
Person_Name_66,362739.54022696073
